ST,County,Republicans.2016,Democrats.2016,Green.2016,Libertarians.2016,Less.Than.High.School.Diploma,At.Least.High.School.Diploma,At.Least.Bachelors.s.Degree,Graduate.Degree,School.Enrollment,Median.Earnings.2010,Children.Under.6.Living.in.Poverty,Adults.65.and.Older.Living.in.Poverty,Total.Population,Preschool.Enrollment.Ratio.enrolled.ages.3.and.4,Poverty.Rate.below.federal.poverty.threshold,Child.Poverty.living.in.families.below.the.poverty.line,White,Black,Hispanic,Asian,Amerindian,Other,Median.Age,Poor.physical.health.days,Poor.mental.health.days,Low.birthweight,Teen.births,Children.in.single.parent.households,Adult.smoking,Adult.obesity,Diabetes,Sexually.transmitted.infections,HIV.prevalence.rate,Uninsured,Unemployment,Violent.crime,Homicide.rate,Injury.deaths,Infant.mortality,orig.id
NY,Warren County-New York,51.81369704,41.22896111,2.862013929,4.095327916,10.4,89.6,27.3,11.9,78.15,27902.15937,15.25,5.25,65725,54.6,10.1,14,95.45,0.8,1.7,0.75,0.3,1,43.1,3,2.4,0.07,26.7,0.311,0.245,0.288,0.099,282.5,117.6,0.103,0.086,140.94,NA,44.7,4.5,2065
WI,Waushara County-Wisconsin,64.11671265,31.78663991,0.777526963,2.625198562,15.6,84.4,13.3,4.3,72.3,23720.02064,22.9,8.45,24578,35.5,12.85,21.45,91.15,1.85,5.3,0.5,0.35,0.8,45.4,3.5,2.7,0.06,38.5,0.258,0.21,0.296,0.092,219.7,42.3,0.137,0.081,102.65,NA,69,NA,649
IA,Cass County- Iowa,67.3990078,27.58327427,0.737065911,2.919914954,8.9,91.1,14.5,3.5,72.05,23159.97175,26.6,8,13905,64.2,14.55,22.85,97.05,0.3,1.6,0.15,0.15,0.65,44.6,1.5,3,0.07,38.3,0.275,0.154,0.354,0.086,289.5,NA,0.113,0.053,139.04,NA,84.5,NA,163
KS,Wallace County- Kansas,91.27086008,5.776636714,1.026957638,1.925545571,13,87,23.4,5,79.95,24841.25937,4.35,7.25,1514,21.1,15.25,23.3,91.6,0.05,6.85,0.05,1.05,0.45,48.2,NA,NA,NA,NA,0.036,NA,0.315,0.113,NA,NA,0.16,0.039,66.93,NA,NA,NA,1509
FL,Polk County- Florida,55.39129332,41.28627197,0.579576363,2.395112533,18.1,81.9,18,5.6,72.05,26471.18889,26.1,8.7,584376,42.2,14.8,22.65,66.35,13.75,16.4,1.55,0.3,1.75,39.4,4,3.7,0.08,54.9,0.381,0.195,0.321,0.122,398.7,334.1,0.234,0.098,426.6,5.42,71.3,8.1,656
ND,Towner County- North Dakota,64.46789798,26.82497801,0.615655233,7.827616535,11.4,88.6,20.2,4.8,85.6,23708.86127,6.2,8.9,2282,7.4,9.75,15.25,95.4,0.25,0.5,1.4,1.85,0.55,48.2,1.7,1.8,NA,23.1,0.223,0.139,0.291,0.098,353.4,NA,0.135,0.039,0,NA,NA,NA,820
MI,Lake County- Michigan,59.29054054,36.39264264,0.900900901,2.852852853,20.3,79.7,8.5,2.3,69.65,18909.37429,30.4,10.55,11365,51.4,19.35,28.65,85.3,9.4,1.95,0.15,1.1,2.1,48,6.7,NA,0.08,52.9,0.409,0.339,0.316,0.134,199.3,84,0.18,0.122,323.51,NA,87.7,NA,355
WV,Taylor County- West Virginia,72.34533703,22.82240689,1.184979994,2.98553401,16.6,83.4,14.5,3.4,78.7,24453.28,23.85,15.5,16541,57.9,14.6,19.7,97.1,0.8,0.75,0.35,0.2,0.8,42.1,5.7,4.1,0.08,44.5,0.281,0.256,0.328,0.117,136,41.6,0.188,0.07,11.84,NA,74.1,NA,2083
IN,LaPorte County- Indiana,50.40227586,43.99475486,NA,5.602969285,14.6,85.4,16.7,5.8,74.55,27441.95715,24.6,7.15,110784,41.8,13.15,21.65,82.2,10.45,4.95,0.5,0.2,1.75,39.2,3.5,3.5,0.1,47.7,0.376,0.266,0.318,0.103,331.3,192.5,0.172,0.1,188.21,4.14,67.6,9.5,781
NE,Cuming County- Nebraska,77.60782347,17.85356068,0.626880642,3.911735206,13.6,86.4,15.7,4,79.85,25088.39334,13.95,7.8,9234,33.9,12.1,19.25,90.3,0.05,8.55,0.25,0.25,0.65,43.4,2.3,2,0.06,20.1,0.178,0.139,0.298,0.08,65.4,NA,0.157,0.028,32.61,NA,58.4,NA,1060
PA,Susquehanna County- Pennsylvania,69.24479167,26.38020833,1,2.911458333,13.2,86.8,15.4,6,75.45,24431.90667,20,9.9,42236,39.1,12.35,17.95,97.2,0.35,1.2,0.25,0.15,0.8,44.1,4.6,4.8,0.07,27.5,0.287,0.307,0.325,0.13,74.1,56.8,0.14,0.075,137.89,NA,66.4,NA,1711
IN,Noble County- Indiana,72.22024867,23.1142688,NA,4.665482534,18.8,81.2,13,4.5,73.5,27629.18826,17.2,6.4,47632,30.2,11.1,16.1,87.95,0.3,10.15,0.4,0.15,1.15,36.5,3.6,3.9,0.08,47,0.345,0.267,0.339,0.102,195.6,33.4,0.197,0.092,53.28,NA,55.1,8.7,503
NC,Dare County- North Carolina,59.35609448,37.24025462,NA,3.403650902,8.2,91.8,32.1,10.2,72.1,29131.64,17.65,6.3,33948,41.2,10,15.65,90,3.05,5,0.45,0.25,1.25,43,4,4.1,0.07,27.3,0.345,0.309,0.281,0.1,274,135.3,0.203,0.113,355.95,NA,64.2,NA,409
VA,Bedford County- Virginia,72.48376239,23.07163514,0.417200019,2.543497843,15,85,24.2,8.5,78.95,31272.26572,13.15,7.5,67296,52.1,8.45,10.55,90.25,5.9,1.4,0.9,0.2,1.35,43.2,3.7,4.2,0.08,24.6,0.228,0.192,0.258,0.096,119.9,59.8,0.146,0.058,223.8,NA,67.1,4.8,2035
IL,Macon County- Illinois,56.64192204,38.51489965,0.960175962,3.883002348,13.1,86.9,20.5,7.1,76.3,28543.23556,30.35,6.3,109770,62.9,15.45,26.15,79.8,15.25,1.6,0.95,0.15,2.25,40.5,3.2,3,0.09,55.8,0.418,0.23,0.321,0.101,716.2,132.1,0.122,0.106,536.77,6.19,50.8,10.2,669
KS,Grant County- Kansas,75.94115102,18.47684985,1.341410645,4.24058849,22.4,77.6,15.9,4.6,77.55,29994.81588,14.95,5.65,7619,32.7,11.25,16.6,56,0.2,41.95,0.25,0.5,1.1,32.9,2.5,2.4,0.09,73.9,0.296,0.164,0.335,0.094,175.8,NA,0.192,0.038,186.47,NA,77.5,NA,812
ND,Bowman County- North Dakota,81.68456755,12.83210854,0.734878462,4.409270774,11.6,88.4,19.7,3,70.75,23704.71778,3.05,16.8,3047,3.5,7.15,4.05,97.15,0.05,1.85,0.05,0.55,0.35,47.1,2.1,1.5,NA,28,0.11,0.109,0.315,0.094,223.4,NA,0.118,0.018,NA,NA,NA,NA,2005
OK,Pontotoc County- Oklahoma,70.33886864,24.52409883,NA,5.137032537,15.6,84.4,26.2,11.8,79.35,22309.71842,31.05,13.55,36940,57.3,20.45,27,70.75,2.35,3.75,0.6,14.2,8.4,35.7,4.2,4.7,0.08,56.4,0.337,0.267,0.393,0.108,404.8,28.8,0.221,0.043,548.66,3.94,99.9,8.6,148
NV,White Pine County- Nevada,72.17068646,18.73840445,NA,4.002120329,16.2,83.8,13.4,3.8,76.2,30648.32762,15.45,11.6,9545,78.8,14.7,22,76.75,2.3,12.8,1.1,5.05,2.05,41.8,5.4,2.6,0.06,56.5,0.369,0.2,0.261,0.084,237.7,114.9,0.195,0.071,270.05,NA,123,NA,2141
MI,Roscommon County- Michigan,62.45013808,32.88585456,1.089291194,3.168149739,16.3,83.7,13.6,4.8,75.95,18001.4908,40.85,7.55,24864,38.3,21.7,38.55,96.7,0.4,1,0.35,0.6,1,51.8,4.4,4.2,0.07,38.1,0.487,0.258,0.333,0.161,98.3,49.2,0.152,0.115,188.43,NA,77,NA,2317
IN,Newton County- Indiana,70.35054395,24.22724918,NA,5.422206873,14.2,85.8,9.5,2.7,77.8,26581.82603,3.95,5.2,14109,43.7,8.1,11.35,93.6,0.45,4.55,0.35,0.1,0.95,42,4.1,5,0.06,35,0.283,0.417,0.341,0.119,155.4,NA,0.18,0.098,122.49,NA,90.9,NA,372
TX,Liberty County- Texas,78.06251294,20.08279859,0.347754088,1.506934382,26.8,73.2,8.8,2.5,71.65,27141.1273,24.4,13.35,75292,37.9,15.6,22,70.1,11.45,16.4,0.4,0.4,1.25,35.9,3.9,6,0.08,67.7,0.286,0.319,0.319,0.095,304.4,337,0.273,0.088,401.59,7.65,98.3,5.7,517
VT,Essex County- Vermont,55.654102,37.65705839,1.589061345,4.471544715,17.2,82.8,15.9,4.9,73.55,24255.16603,30.2,10.75,6371,29.8,16.4,24.7,96.45,0.65,0.75,0.3,0.45,1.4,45.8,4.6,4.3,0.1,21.9,0.357,0.257,0.284,0.101,NA,NA,0.113,0.072,NA,NA,84.9,NA,1080
NE,Valley County- Nebraska,81.49171271,15.51565378,0.552486188,2.44014733,8.8,91.2,17.1,3.9,76.5,22200.84572,22.15,14.55,4240,33,15.95,20.7,97.45,0.05,1.95,0.15,0.05,0.35,47,2.5,2.2,0.06,19.4,0.182,0.088,0.298,0.116,189.7,NA,0.149,0.029,NA,NA,98.1,NA,77
IL,Cumberland County- Illinois,76.18356612,18.64683475,0.852530383,4.317068747,11.9,88.1,13,4.7,74.15,25051.38699,22,9.55,10925,46,12.6,19.35,97.8,0.3,0.6,0.35,0.1,0.85,40.3,NA,NA,0.08,34.8,0.245,NA,0.287,0.098,225.3,NA,0.126,0.093,121.21,NA,79.5,NA,471
LA,Ouachita Parish- Louisiana,61.3529057,35.9186315,0.504508215,1.441452042,15.9,84.1,23.5,7.5,77.1,25355.68191,38.9,12.9,151872,57.2,21.35,32.3,60.7,35.55,1.75,0.85,0.15,0.95,34.1,3.8,3.4,0.13,56.6,0.499,0.211,0.335,0.119,1032.8,365,0.214,0.07,531.63,7.55,70.4,11.6,684
NC,Person County- North Carolina,57.58690359,40.26317153,NA,2.149924882,18.1,81.9,13.8,3.7,78,30043.08857,34,15.35,38382,45.4,15.7,22.45,67.15,27.1,3.45,0.3,0.6,1.4,40.9,2.3,2.8,0.1,48.6,0.369,0.27,0.326,0.136,486.9,202.7,0.172,0.097,348.37,7.78,71.9,9.9,584
KS,Atchison County- Kansas,62.20866573,30.43954325,2.502737369,4.849053652,12.2,87.8,22.3,9,77.15,24565.9381,17.5,8.6,16696,43.4,12.75,17.4,89.3,5.65,2.25,0.4,0.3,2.05,36.1,2.9,3,0.08,35.3,0.371,0.236,0.32,0.101,291.8,57.1,0.136,0.068,239.97,NA,58,NA,2174
MI,Monroe County- Michigan,58.3730314,36.24647441,0.954103183,4.028285718,12.3,87.7,17,5.9,77.65,31346.34572,15,6.15,152460,37.2,8.85,11.95,92.7,2.1,2.9,0.6,0.3,1.55,39.2,3.6,3.9,0.07,27.3,0.276,0.199,0.334,0.109,232.9,47.2,0.101,0.08,247.2,1.87,55.4,6.4,1446
MO,Scotland County- Missouri,77.4898374,18.54674797,0.914634146,2.540650407,18.5,81.5,17.8,4.1,60.6,22922.44349,54.3,22.3,4816,15.9,21.85,30.5,98.65,0.05,0.5,0.1,0.1,0.6,42.2,4.5,3.8,0.06,16.3,0.154,0.135,0.355,0.11,NA,NA,0.218,0.047,145,NA,86.9,NA,720
MT,Golden Valley County- Montana,77.49469214,15.07430998,0.636942675,6.157112527,13.3,86.7,23.7,6.7,69.5,21959.41937,30.4,6.05,878,0,11.8,22.3,95.4,0,1.75,0.35,1.25,1.25,49.7,NA,NA,NA,NA,0.276,NA,0.286,0.094,NA,NA,0.297,0.036,NA,NA,NA,NA,1099
TX,Panola County- Texas,81.10054739,17.62220302,0.230481129,1.046768463,18.5,81.5,11.4,3.2,75,28160.08222,25.8,13.55,23451,42,13.55,18.2,73.95,16.75,7.25,0.8,0.4,0.95,39.7,4.8,NA,0.09,56.7,0.316,0.293,0.31,0.119,315.9,145,0.222,0.056,228.81,NA,95.9,10.4,2028
ID,Butte County- Idaho,74.30894309,13.00813008,0.569105691,2.032520325,11.4,88.6,17.5,5,75.65,22245.58064,20.15,7.05,2830,23,14.9,19.75,94.55,0.1,4.1,0.1,0.2,0.95,46.4,NA,4,NA,22.1,0.302,0.178,0.3,0.097,NA,NA,0.172,0.072,222.53,NA,NA,NA,304
MO,Moniteau County- Missouri,78.49588719,18.16980024,0.381903643,2.570505288,19.6,80.4,17.1,4.8,70.85,26021.42889,16.4,9.25,15344,32.8,11,15.3,90.5,3.45,3.75,0.2,0.35,1.7,36.8,3,3,0.06,40.3,0.197,NA,0.313,0.106,140.2,85.4,0.194,0.065,127.09,NA,51.7,NA,1807
GA,Wilkes County- Georgia,57.47203579,41.25279642,NA,1.275167785,28.2,71.8,15.5,7.1,77.35,22097.22191,59.25,18.2,10442,32.7,24.4,34.5,53.1,41.65,3.25,0.25,0.55,1.2,43,4.5,NA,0.1,50.1,0.495,NA,0.327,0.164,568,175.7,0.212,0.109,494.94,NA,71.8,NA,833
IA,Van Buren County- Iowa,71.58252978,23.90811117,0.538854226,2.353942144,13.9,86.1,13.5,3.2,72,24852.98699,29.65,15.75,7616,41.3,15.65,25.25,97.5,0.2,0.75,0.8,0.1,0.7,43.8,4.2,2.1,0.07,29.7,0.215,NA,0.302,0.103,133.2,NA,0.124,0.063,148.93,NA,81.1,NA,1718
IN,Clark County- Indiana,58.72730119,36.77011584,NA,4.502582968,14.6,85.4,17.8,5.8,73.15,29236.17048,21.35,8.5,107756,36.5,11.7,17.1,86.25,6.85,3.95,0.7,0.2,2.05,37.7,4,4.8,0.08,48.1,0.355,0.258,0.318,0.102,348.7,147.4,0.16,0.078,495.17,2.3,54.4,6,1066
PA,Cumberland County- Pennsylvania,57.05235165,38.4833316,0.78909862,3.232870998,9.6,90.4,32.3,12,80.7,31097.40984,10.35,5.05,231632,48.4,6.45,7.8,90.4,2.95,2.4,2.65,0.1,1.5,39.9,2.7,2.7,0.07,17.2,0.236,0.149,0.255,0.092,285.4,179.1,0.097,0.066,110.2,1,46.6,6.6,100
MO,Carroll County- Missouri,79.79821142,17.08323779,0.389818849,2.430635175,15.9,84.1,17.9,6.1,73.05,27171.93207,16.35,11.85,9555,47.6,13.95,19.4,95.6,1.9,1.2,0.25,0.2,0.85,42,3.2,2.7,0.08,36.8,0.243,0.209,0.316,0.108,172.8,NA,0.162,0.08,88.26,NA,111.8,NA,1049
TN,Grainger County- Tennessee,82.88040075,14.45209768,0.338134001,1.577958673,32.1,67.9,7.3,2.5,69.25,21315.4873,33.25,20.55,22603,28.9,18.05,22.85,96.25,0.3,2.05,0.35,0.15,0.85,41.3,4,NA,0.09,54.2,0.212,0.263,0.3,0.117,206.4,67.2,0.187,0.104,145.93,NA,96.4,NA,606
SD,Haakon County- South Dakota,89.65517241,7.375478927,NA,2.586206897,12,88,20,2.4,73.45,27210.61302,17.95,10.2,1889,21.6,11.25,15.4,92.95,0.25,0.7,0.7,2.35,3,50,2.1,NA,NA,27.4,0.12,NA,0.301,0.1,NA,NA,0.178,0.031,NA,NA,NA,NA,180
WY,Big Horn County- Wyoming,80.07481788,11.69521559,0.68911203,4.922228785,10.6,89.4,20.3,5.5,75.45,26568.4654,9.3,7.75,11520,40.5,8.5,10.45,89.25,0.15,8.1,0.2,1.3,1,42.1,3.8,2.9,0.06,37.2,0.172,0.183,0.273,0.092,110.6,NA,0.221,0.062,181.48,NA,103.1,NA,1920
PA,Wyoming County- Pennsylvania,67.44242229,28.77274924,0.901916573,2.456112095,10.9,89.1,16.8,5.7,78.15,25077.80476,18.5,8.7,28079,46.4,10.85,16.2,96.6,0.65,1.35,0.4,0.2,0.75,41,3,4.1,0.07,31.6,0.328,0.268,0.322,0.093,151.4,44.7,0.118,0.096,92.87,NA,65.8,NA,539
IL,Hardin County- Illinois,77.35583685,19.64369433,0.843881857,2.156586967,23,77,11,2.6,71.55,25140.86762,32.85,11.75,4395,73.6,19.65,31.05,97.15,0.3,1.05,0.55,0.3,0.6,43.3,NA,NA,0.1,39.6,0.358,NA,0.311,0.107,186.9,NA,0.133,0.107,277.78,NA,145.3,NA,211
WV,McDowell County- West Virginia,74.67227707,23.12671953,0.43696391,1.456546367,40.4,59.6,6.3,2,63.3,22489.74794,37.85,20.45,22542,26.6,33.3,45,87.95,10.75,0.45,0.05,0.15,0.7,43.7,6.5,5.5,0.12,87.1,0.378,0.353,0.367,0.165,124.3,70.2,0.216,0.097,326.86,13.68,171.9,16,930
IL,Massac County- Illinois,73.02879542,23.44338912,0.603045379,2.924770089,15,85,14.1,3.3,79.65,24092.76635,24.45,13.15,15255,69.8,14.35,22.45,90.3,5.25,1.65,0.25,0.3,2.3,41.8,7.7,NA,0.09,60.8,0.281,0.278,0.338,0.113,213.7,101.1,0.125,0.089,343,NA,75.2,NA,703
KY,Greenup County- Kentucky,70.95188349,25.47778529,0.669821176,1.960302341,19.9,80.1,14.9,7.1,75.9,25601.11016,26.95,9.8,37213,34.4,15.3,22.4,97.05,0.6,0.75,0.5,0.15,0.95,41.4,5.3,4.2,0.09,43.4,0.295,0.228,0.367,0.154,162.8,35.2,0.176,0.08,73.64,NA,73.6,6.7,343
NE,Pawnee County- Nebraska,73.82039574,21.23287671,0.761035008,4.185692542,12,88,14.8,3.6,79.75,26377.96635,17.05,12.2,2727,63.2,12.05,14.25,97.45,0.15,1,0.15,0.4,0.85,48.6,2.2,2.3,0.13,NA,0.149,0.088,0.33,0.118,NA,NA,0.151,0.031,36.9,NA,151.9,NA,76
OH,Adams County- Ohio,76.33553286,20.72674681,0.388682997,1.988610684,25.3,74.7,10.7,4.7,71.95,21978.57461,34.15,16.3,28346,44.2,23,30.7,96.9,0.35,0.85,0.1,0.35,1.55,39,6.1,5.3,0.09,56.4,0.327,0.251,0.307,0.102,144.1,32.4,0.164,0.108,42.51,8.51,102.9,7.4,1231
WI,Pepin County- Wisconsin,59.47677523,35.9049653,0.880939669,3.069941271,11.5,88.5,17.2,4.7,75.4,26861.03207,7.95,9.35,7415,39.8,8.95,14.5,98.05,0.3,0.85,0.15,0.2,0.4,42.6,NA,NA,0.05,14.8,0.186,0.135,0.279,0.081,188.9,NA,0.114,0.056,71.61,NA,NA,NA,1315
MS,Webster County- Mississippi,78.60270701,19.92436306,0.298566879,0.537420382,23.6,76.4,17.2,6.5,76.5,23359.35334,43.65,19,10043,36.4,25.95,36.6,77.45,19.7,1.55,0.1,0.3,0.9,39.4,4.2,5.1,0.11,56.5,0.334,0.229,0.353,0.134,426.4,157.2,0.216,0.118,NA,NA,120.4,NA,989
IA,Clay County- Iowa,68.71926949,26.29360805,0.409740108,3.348162023,8.7,91.3,18.5,3.6,77.35,25277.95651,21.2,6.7,16671,53.8,9.55,14,95.2,0.25,2.75,0.65,0.15,1.05,42.6,2.5,2.2,0.06,33.6,0.268,0.201,0.296,0.086,289.3,NA,0.111,0.05,57.98,NA,62.2,NA,2082
GA,Walton County- Georgia,76.9152752,20.47990105,NA,2.604823748,19.6,80.4,17.3,5.3,73.75,29155.95143,22.25,8.85,83005,44.2,12.15,17.7,78.9,15.45,3.1,1.1,0.3,1,37,3,2.9,0.08,45,0.248,0.164,0.283,0.114,372.4,102.2,0.203,0.085,231.26,4.35,59.7,7.8,1405
KY,Carlisle County- Kentucky,80.50749712,16.60899654,0.461361015,1.614763552,21.1,78.9,10.6,2.8,72,22907.51746,17.85,16,5154,53.4,16.35,15.9,97.25,0.55,1.4,0.15,0.25,0.4,43.6,7.3,NA,0.09,39.3,0.221,NA,0.303,0.127,178.3,NA,0.191,0.074,45.48,NA,101.4,NA,1021
CA,Kings County- California,54.09612403,40.00620155,1.212403101,3.975193798,30.1,69.9,11.8,3.3,67.3,23075.12603,31.15,9.3,149839,35.5,19.2,27.75,36.6,7.1,49.65,3.35,0.95,2.3,30.8,5.4,4.3,0.07,65,0.33,0.125,0.242,0.075,437,176.7,0.212,0.153,385.73,4.31,48.8,6.4,201
WV,Gilmer County- West Virginia,74.72310127,21.24208861,0.949367089,2.689873418,25.1,74.9,12.2,4.3,77.7,11725.97492,49.65,14.45,7791,44.4,29.4,33.75,78.65,12.3,5.3,0.75,0.55,2.55,38.6,4.7,4.4,0.09,23.7,0.305,0.284,0.356,0.11,126.4,218.3,0.216,0.07,350.16,NA,78.6,NA,1665
ND,Ramsey County- North Dakota,61.63280951,28.84246838,0.843234956,7.761594481,13.6,86.4,20.9,4.7,73.25,24523.65651,18.85,13.45,11352,43.4,10.75,14.4,87.8,0.3,1.15,1,7.8,2,42.4,2.9,2.5,0.08,47.7,0.305,0.237,0.303,0.078,401.7,NA,0.128,0.043,279.64,NA,63.3,NA,2314
AR,Newton County- Arkansas,76.60538236,18.62509992,1.838529177,1.305622169,22,78,12.2,2.7,68.65,19121.64254,24.35,24.15,8320,76.6,22.5,24.85,95.35,0.25,1.1,0.15,0.75,2.45,44.8,4.5,3.7,0.09,42.7,0.218,0.392,0.363,0.126,121,135.3,0.237,0.075,167.89,NA,97.7,NA,1705
OK,Rogers County- Oklahoma,75.65509135,19.33437821,NA,5.01053044,10.9,89.1,21.2,6.4,79.1,31319.75905,14.9,7.95,84897,43.6,9.35,12.35,75.5,0.9,3.5,0.95,11.7,7.45,37.9,4.4,3.5,0.08,35.1,0.209,0.254,0.311,0.114,193.8,78,0.17,0.054,162.75,2.05,69.9,6.7,1063
FL,Lee County- Florida,58.66874158,38.28304128,0.649484188,2.138448175,13.3,86.7,24.6,8.9,73.95,27992.81016,20.5,6.95,596215,42.5,11.25,17.45,72.45,7.45,17.25,1.3,0.2,1.3,44.6,3.7,4.4,0.08,44.3,0.372,0.197,0.259,0.105,320.8,293.1,0.262,0.089,383.18,6.84,84,6.5,242
MO,Texas County- Missouri,81.16140832,15.80246914,0.475537266,2.030178326,20.6,79.4,11.8,3.5,70.35,20445.43524,42.1,16.05,25242,25.6,20.6,27.2,92.5,2.95,1.55,0.2,0.65,2.05,42.2,6.8,4.7,0.07,58.7,0.342,0.307,0.338,0.103,231.3,49.1,0.202,0.073,88.87,NA,92,9.7,1127
OK,McClain County- Oklahoma,78.0984619,17.18035513,NA,4.721182968,12.2,87.8,17.9,5.5,78.25,29734.87461,13.2,9.5,33091,47.4,10.15,10.35,82.45,0.4,6.6,0.3,5.45,4.9,38.5,3.8,3.4,0.08,42.3,0.213,0.167,0.324,0.12,201.5,77.5,0.2,0.044,160.01,4.44,66.5,7.9,957
AR,Arkansas County- Arkansas,61.58428594,31.21880535,1.030429882,2.028658831,20.6,79.4,14.3,5.1,72.05,22615.16857,28.85,15.4,19202,39.3,18.65,21.1,71.8,24.35,2,0.5,0.1,1.25,42,4.3,4,0.12,65.7,0.383,0.22,0.354,0.144,735.8,165.1,0.197,0.077,324.38,9.52,87.9,NA,400
OR,Jackson County- Oregon,51.14511172,41.96013065,2.801838345,4.092919288,11.1,88.9,24.4,8.9,72.55,23911.27365,21,7.4,200621,32.3,13.95,18.95,84.9,0.55,9.75,1.15,0.7,2.95,41.7,4,4.2,0.06,36.5,0.359,0.186,0.239,0.088,257.3,87.1,0.208,0.108,272.41,2.3,72.7,5.8,2
OK,Pittsburg County- Oklahoma,73.85507246,21.47246377,NA,4.672463768,18.2,81.8,15.1,4.9,71.75,24291.98349,23.7,10.8,45175,40.9,16.4,22.5,73.3,3.65,3.45,0.35,11.65,7.55,41.6,4.7,5.7,0.1,71,0.367,0.28,0.341,0.134,260.8,70.6,0.227,0.054,214.26,7.92,109.7,9.9,1698
MI,Manistee County- Michigan,54.88966503,39.52214637,1.58755358,3.619622162,13.1,86.9,16.8,6.6,70.35,21702.32699,20.15,8.7,24737,44.7,12.9,16.75,90.9,3.1,2.9,0.4,1.4,1.4,45.9,4,4.6,0.09,36.6,0.316,0.314,0.287,0.109,141.6,31,0.155,0.102,159.48,NA,80.9,NA,2204
AR,Pike County- Arkansas,79.14572864,17.18592965,0.201005025,1.834170854,22.8,77.2,12.4,5.3,73.6,22028.65905,45.4,11.55,11027,43.1,19.3,29.1,88.2,3.4,5.9,0.5,1,1,39.1,2.7,3.1,0.08,51.8,0.37,0.203,0.336,0.123,275.3,NA,0.244,0.087,156.39,NA,72.6,NA,981
VA,Appomattox County- Virginia,71.8380689,25.43374403,0.389741011,1.709831531,20.2,79.8,11.8,4.1,79.25,29467.79238,25.1,11.4,14595,70,12.7,17.85,76.55,21.35,0.7,0.25,0.1,1,43.3,2.5,3.1,0.1,42.4,0.353,0.249,0.304,0.124,285.9,137,0.168,0.072,111.67,9.89,81.9,NA,215
FL,Gilchrist County- Florida,80.06652412,17.3081492,0.510810169,1.829413162,18.9,81.1,8.6,3.9,64.95,24513.3527,26.55,13,16855,65.8,17.4,22.9,87.85,5,4.45,0.35,0.35,2.05,39.5,4.7,3.3,0.07,50.3,0.277,0.244,0.321,0.109,329.3,124.3,0.24,0.08,196.08,NA,109.1,NA,1722
MO,Johnson County- Missouri,64.97842272,28.09313795,0.972162944,5.18803054,9.3,90.7,24.1,9.8,75.95,20448.14921,20.6,6.7,52296,36.4,16,16.1,88.15,4.1,3.3,1.45,0.5,2.55,29.6,3.6,2.5,0.06,26.1,0.262,0.179,0.325,0.104,625,67.6,0.161,0.069,150.82,NA,38.8,5.6,1019
OH,Huron County- Ohio,65.46934079,29.09748479,0.764425448,3.68650337,13.6,86.4,12.1,4.2,76.15,26525.11746,25.55,7.25,59811,41.3,14.25,22.95,91.85,0.8,5.5,0.35,0.25,1.25,37.3,3.4,4.3,0.07,45,0.34,0.31,0.328,0.112,294.1,45.3,0.148,0.102,41.17,NA,59.1,5.4,2334
IA,Washington County- Iowa,57.00295639,36.38211382,0.729859571,4.231337768,10.9,89.1,19.4,4.6,77.25,27505.87715,17.55,9.75,21428,46.1,12,17.95,93.3,0.55,4.75,0.3,0.1,0.95,41.1,3.8,3.2,0.06,27.2,0.21,0.162,0.304,0.089,192.2,39,0.121,0.045,312.76,NA,70.3,NA,1350
TX,Cass County- Texas,79.11425125,19.38652421,0.284335688,1.214888851,17.7,82.3,12.9,4.1,78.3,25154.54381,29,13.1,29889,53.6,18.7,28.1,77,18,3.05,0.25,0.45,1.25,43.2,5.2,2.9,0.09,56.3,0.4,0.269,0.294,0.114,287.5,92.8,0.237,0.091,290.87,NA,89.3,NA,1731
WI,Juneau County- Wisconsin,61.24744376,34.93524199,0.903203817,2.436946149,15.3,84.7,12.1,3.6,73.95,27125.7527,20.3,10.35,26578,34.8,11.25,16.2,92.55,1.4,2.35,0.4,2.1,1.15,43,4.8,NA,0.07,37.4,0.298,0.256,0.295,0.097,213.3,21.7,0.124,0.087,201.56,NA,87.5,NA,430
UT,Rich County- Utah,71.71532847,9.489051095,0.091240876,1.916058394,5.1,94.9,22.2,4.9,72.5,24178.23238,21.85,9.7,2165,26.2,6.8,10.15,95.45,0,2.3,0.05,1.3,0.8,40,NA,NA,NA,21.7,0.177,NA,0.284,0.088,NA,NA,0.181,0.045,73.59,NA,NA,NA,1723
IL,Stark County- Illinois,65.64462505,27.63206502,1.219061692,5.504248245,12,88,15.2,3.8,77.9,27232.33937,15.5,4.75,6035,38.8,11.45,17.75,97.25,0.3,1.15,0.4,0.1,0.85,41.6,NA,NA,0.09,29.8,0.226,NA,0.318,0.098,211.8,NA,0.122,0.09,132.13,NA,NA,NA,1584
GA,Houston County- Georgia,59.35458957,37.71050555,NA,2.934904884,12.7,87.3,24.4,9.1,77.5,30824.91588,20.85,10.2,135405,53.5,12.5,18.05,62.55,27.55,5.05,2.15,0.25,2.4,34.4,3.3,2.4,0.09,45.1,0.364,0.204,0.299,0.097,551,150.3,0.176,0.076,348.05,4.76,55.5,9.4,716
GA,Montgomery County- Georgia,74.94382022,23.79213483,NA,1.264044944,18.7,81.3,15.5,5.5,77.7,23000.56476,38.35,20.25,9031,31.9,19.2,23.25,68.05,25.8,5.05,0.5,0.05,0.55,35.6,3.1,3.5,0.11,45.9,0.402,NA,0.327,0.123,540.5,92.6,0.239,0.101,NA,NA,70,NA,754
KS,Labette County- Kansas,66.0689481,28.21063266,2.045712843,3.674706402,13.8,86.2,17.8,6.9,72.45,22483.04381,18,12.3,21744,32.6,15.8,18.35,86,4.5,3.7,0.4,1.45,3.95,40.3,3.6,3.5,0.08,62.6,0.368,0.212,0.341,0.115,306.8,65.2,0.147,0.08,580.2,NA,78.9,NA,2433
MS,Jones County- Mississippi,71.06548673,27.42654867,0.184070796,0.945132743,22.9,77.1,15.8,6.8,68.05,23449.11048,39.55,15.6,67319,30.9,23.45,35.1,66.1,27.55,4.85,0.35,0.4,0.8,37,4,4.3,0.11,77.4,0.46,0.211,0.368,0.135,567,281.3,0.233,0.07,314.97,9.21,94.2,9.2,1068
CO,Archuleta County- Colorado,58.07956104,34.14266118,1.59122085,4.499314129,6.8,93.2,39,13.5,75.5,14902.94476,33.85,7.85,12154,32.9,11.9,18,79.75,0.5,16.55,0.7,0.75,1.8,36.7,2.5,3.7,0.1,39.7,0.269,0.204,0.17,0.065,191.5,NA,0.203,0.094,245.12,NA,74.1,NA,2209
ID,Twin Falls County- Idaho,66.0427053,21.45925438,1.047251748,3.530555294,16.7,83.3,16.8,5.1,69.55,24348.95143,21.45,11.15,74904,29.7,13.55,18.05,83.65,0.3,13,0.95,0.5,1.6,34.5,3.4,3.4,0.07,48.5,0.264,0.178,0.253,0.088,215.4,54.1,0.224,0.066,259.45,2.15,78.8,7.3,1139
KY,Laurel County- Kentucky,82.95198195,13.8575572,0.459233,1.905414115,25.8,74.2,13.6,5.2,70.5,24567.02953,29.15,16,57936,23,19.6,25.15,96.45,0.85,1,0.6,0.2,0.9,37.4,5.7,4.2,0.08,61.8,0.326,0.297,0.325,0.117,165.1,27.8,0.19,0.095,78.26,5.96,91.2,6.7,1906
MD,Caroline County- Maryland,67.7533504,28.21111278,0.911007378,3.124529438,18.4,81.6,15.2,5,74.7,30198.51143,15.25,11.65,32896,60.7,11.1,15.55,78.4,13.35,5.25,0.7,0.35,2,37.8,3.8,4,0.08,48.5,0.312,0.225,0.339,0.117,403.2,235.6,0.147,0.084,365.5,NA,75,NA,335
TX,Hall County- Texas,81.81818182,15.05968779,0,3.122130395,27.8,72.2,15.2,2.5,81.7,19836.08349,37.75,14.75,3404,55.2,27.9,34.6,58.6,7.45,31.9,0.15,0.35,1.6,42.8,NA,NA,0.1,75.2,0.348,NA,0.287,0.118,385,NA,0.361,0.08,236.64,NA,NA,NA,2222
TN,Hawkins County- Tennessee,80.26964337,16.92277955,0.434908669,1.913598144,21.9,78.1,12.4,4,73.2,22904.97048,25.35,14.7,56895,35.3,18.65,25.8,95.95,1.35,1.15,0.45,0.15,0.95,41.7,5.6,4,0.09,52.6,0.26,0.262,0.345,0.126,176.5,49.7,0.159,0.079,268.76,3.3,95.5,6.5,1655
LA,Washington Parish- Louisiana,67.40414563,30.55525722,0.365159489,0.993448609,22.5,77.5,11.8,3.7,73.3,21609.92635,45.4,20.7,46006,46.5,25.3,36.2,66.1,30.95,1.6,0.2,0.3,0.9,38.6,5.1,3.1,0.12,63.2,0.425,0.277,0.386,0.168,566.4,381,0.225,0.09,674.69,12.72,114.2,10.1,615
KS,Barber County- Kansas,82.48076053,12.72068809,1.267541874,3.531009507,8.2,91.8,18.7,5.5,74.1,24298.56381,10.8,5,4787,53.2,12.55,21.65,94.95,0.4,2.5,0.25,0.4,1.45,45.5,2.2,1.2,0.07,37.5,0.38,0.22,0.349,0.122,306.9,NA,0.152,0.037,152.82,NA,81.6,NA,804
WV,Greenbrier County- West Virginia,67.92763158,26.76630435,1.43020595,3.375286041,22.2,77.8,17.2,6.7,73.35,22476.35397,30,13.55,35045,41.4,18.75,22.3,94.05,3.05,1.05,0.2,0.2,1.35,44.5,4.3,3.7,0.08,45.2,0.313,0.249,0.302,0.124,189.9,150.4,0.197,0.078,69.44,NA,94.4,NA,2505
NC,Swain County- North Carolina,59.46171849,36.54296222,NA,3.995319291,20.6,79.4,18.6,7.7,72.3,25452.88222,28.8,16.65,13674,33.4,22.55,30.85,66.25,0.7,3.3,0.6,25.85,3.3,40.6,4.9,3.6,0.07,66.8,0.306,0.299,0.339,0.152,690.7,99.4,0.232,0.138,426.58,15.62,119.8,NA,825
OH,Guernsey County- Ohio,69.10126269,26.52884377,0.575637534,3.274325328,15.7,84.3,11.2,4.1,74.05,26217.6327,30.55,10.35,40209,43.9,17.25,25.75,95.3,1.35,0.9,0.35,0.25,1.85,40,4.2,4.4,0.08,40.6,0.302,0.297,0.313,0.121,263,40.5,0.151,0.084,149.26,NA,58.5,5.7,515
VA,Buena Vista city- Virginia,59.79123173,28.93528184,0.542797495,3.465553236,27.2,72.8,16.5,6.8,73.65,23668.84603,38.05,5.95,6467,84.2,20.15,28.95,90.65,5.4,1.5,0.2,0.7,1.55,38.5,NA,NA,0.06,23.6,0.409,NA,0.291,0.101,316.5,NA,0.167,0.073,138.27,NA,NA,NA,1241
TX,Collingsworth County- Texas,85.18197574,12.56499133,0.346620451,1.906412478,25.8,74.2,18.3,3.9,74.55,21721.57524,26.15,21.7,3025,4.9,19.1,24.5,59.55,5.15,32.35,0.1,0.95,1.9,36.3,NA,NA,0.08,85.9,0.349,NA,0.301,0.111,258.7,NA,0.363,0.047,10.94,NA,NA,NA,51
WA,Asotin County- Washington,58.98389095,32.19743907,1.197852127,6.391986782,11.1,88.9,18.2,7.3,72.9,22257.1054,33.5,5.85,21410,32.7,14.4,23.5,93,0.2,2.8,0.6,1.05,2.35,43,4.8,3.7,0.06,41.9,0.349,0.217,0.291,0.114,273.6,86.7,0.151,0.088,191.63,NA,86.2,NA,1808
KS,Gove County- Kansas,84.86445783,11.21987952,0.903614458,3.012048193,9,91,16.9,2.8,76.25,22463.62699,16.95,8.45,2647,56.1,8.3,12.25,97.45,0.15,1.65,0.2,0.1,0.5,48.1,NA,3,NA,NA,0.138,NA,0.295,0.129,NA,NA,0.167,0.027,170.89,NA,NA,NA,2059
MT,Lake County- Montana,57.60105109,36.34747662,1.67710024,4.05750058,10.7,89.3,25.2,8.7,68.55,20619.50349,40.2,9.9,28492,20.1,21.45,33.45,69.35,0.25,3.35,0.5,21.05,5.55,40.9,4,4,0.09,53.7,0.403,0.23,0.273,0.091,545.8,20.8,0.284,0.089,385.4,5.05,121.4,7.9,2278
WV,Mineral County- West Virginia,78.50131464,17.69500438,1.051709027,2.418930762,13.6,86.4,13,6.3,77.15,24031.62476,22.55,12.4,27586,38,15.3,23.45,94.9,2.75,0.75,0.3,0.1,1.15,41.3,4,3.5,0.09,37.8,0.349,0.171,0.342,0.114,191.5,20.7,0.18,0.074,379.16,NA,72.7,10.9,1247
IL,Stephenson County- Illinois,55.54417414,38.57106274,1.234314981,4.650448143,11.5,88.5,17.2,6.2,78.7,25488.92286,31.9,7.1,47266,47.2,13.85,22.1,86.05,8.55,2.55,0.75,0.1,2,43,3.6,NA,0.09,44.3,0.399,0.285,0.277,0.115,386.9,78.8,0.122,0.094,143.35,3.58,58.6,8.8,613
MO,Jasper County- Missouri,72.76614293,21.92864111,1.004587061,3.650968264,18.7,81.3,18.6,5.9,72.95,22289.21715,31.45,10.1,116080,39,18.65,25.4,87.15,1.7,6.3,0.95,1.35,2.5,35.1,4.1,4.7,0.07,63,0.374,0.203,0.326,0.098,526.9,121.7,0.204,0.059,402.9,4.16,68.5,5,1942
TN,McMinn County- Tennessee,78.49042474,18.76002996,0.369102386,1.813416069,21.7,78.3,13.9,4.4,73.05,23977.00381,28.75,12.75,52160,28.9,17.55,23.75,90.7,3.9,2.75,0.7,0.2,1.75,40.6,6.2,4.7,0.09,49.7,0.324,0.223,0.335,0.124,259,103,0.171,0.092,618.12,3.59,91.8,5.9,1169
NJ,Somerset County- New Jersey,41.90626844,54.3530266,0.993199308,2.39482914,7.3,92.7,49.8,21.8,85.2,49498.28445,4.35,4.8,322078,69.8,3.5,3.85,64.3,8.35,12.5,13.15,0.1,1.6,39.7,2.5,2.5,0.08,11,0.161,0.093,0.211,0.074,162.2,207.3,0.098,0.074,79.97,1.62,28.1,2.8,133
IN,Monroe County- Indiana,35.62292834,59.32179859,NA,5.055273068,8.9,91.1,42.7,21,86.05,16130.20032,21.6,7.55,132914,47.1,25.15,18.55,87,3.2,2.6,4.8,0.2,2.15,27.5,3.5,3.8,0.07,12.7,0.31,0.178,0.253,0.088,398.4,141.7,0.177,0.069,302.6,2.16,50.2,6.2,115
GA,Randolph County- Georgia,43.86873921,55.16407599,NA,0.967184801,29.6,70.4,13.1,6.2,80,17356.27937,55.35,19.75,7489,75.6,27,52.15,36.6,60.35,0.9,0.45,0.15,1.6,36.8,3.3,NA,0.16,54.9,0.381,NA,0.365,0.162,740.9,209.8,0.219,0.137,136.82,NA,69.9,NA,335
FL,Miami-Dade County- Florida,34.09382121,63.65843441,0.609500649,1.347032197,23,77,26.2,9.5,78.1,25617.2381,23.45,22,2476739,57.3,17.05,21.8,16.75,17.6,63.2,1.45,0.1,0.95,37.7,3.2,3.3,0.09,32.4,0.395,0.118,0.218,0.088,345.5,1207.9,0.344,0.093,753.62,9.23,50,5.7,243
WA,Jefferson County- Washington,29.78109453,62.46766169,3.467661692,3.646766169,5.8,94.2,34.8,15.4,72.85,22075.42222,22.85,7.9,29547,49.1,13.15,20.05,89.8,0.7,2.75,1.3,2,3.35,52.7,4.4,4.1,0.05,24.9,0.288,0.147,0.251,0.095,133.7,65.9,0.162,0.094,179.4,NA,85.2,NA,96
TX,Zapata County- Texas,32.80153159,65.60306318,0.510529675,1.084875558,43.3,56.7,9.6,2.9,71.5,14668.55746,60.7,20.1,13789,69.4,39.5,53.35,8.55,0.2,90.75,0.1,0.05,0.3,29,4.3,1.8,0.09,116.6,0.386,NA,0.305,0.084,273.1,66,0.353,0.065,228.83,NA,48.5,NA,318
AL,Sumter County- Alabama,24.73791269,74.15115005,0.21905805,0.891879205,24.6,75.4,12.8,5.3,80.3,17046.56794,50.15,30,13515,78.8,37.5,55.15,25.05,72.8,1,0.2,0.05,0.9,36.9,4.3,5.4,0.14,33.8,0.618,0.17,0.401,0.16,979.4,292.2,0.179,0.116,322.68,NA,66.3,NA,91
HI,Hawaii County- Hawaii,26.97911046,63.60595082,4.396824173,3.807908734,9.5,90.5,26.6,8.1,76.8,27904.35651,22.15,9,178724,51.9,13.95,18.65,32.2,0.5,11.5,22.5,0.25,33,40.7,3.3,3.2,0.08,45.3,0.398,0.187,0.241,0.082,312.2,198.8,0.106,0.083,267.2,2.19,67.9,7,89
IA,Linn County- Iowa,42.02103537,51.00205819,0.866880625,4.80534431,6.8,93.2,29.6,8.3,80.05,30823.68476,15.25,7.5,208090,50.9,9.9,11.95,89.85,3.55,2.4,1.85,0.2,2.1,36.5,2.8,3,0.07,27.5,0.283,0.161,0.279,0.087,507.8,64.9,0.086,0.053,226.15,1.74,47.2,5.6,143
LA,St. Helena Parish- Louisiana,41.86787391,56.22065728,0.301810865,0.720992622,23.4,76.6,11.1,3.9,74.25,23648.06794,19.7,24.05,10854,30.9,21.15,24.3,45.05,53.35,0.75,0.05,0.25,0.6,38.3,3.9,3.2,0.11,46.6,0.454,0.21,0.375,0.148,502.3,148.7,0.236,0.111,673.19,NA,97.1,NA,123
WA,San Juan County- Washington,25.03541411,66.60685617,4.306355652,3.62640476,5.7,94.3,44.9,18.3,72.4,29121.43936,20.6,5.75,15532,51.9,9.8,13.25,91.55,0.35,4.3,1.3,0.6,1.85,51.9,2.9,2.7,0.04,13.5,0.362,0.134,0.185,0.067,126.2,119.1,0.207,0.062,88.79,NA,57.9,NA,291
IL,Lake County- Illinois,36.99510175,57.28913323,1.271229741,4.444535279,11.5,88.5,41.3,16.5,79.2,36829.62032,11.05,5.65,703010,54.3,6.85,9.4,66.4,6.55,19.25,5.9,0.15,1.75,36.1,3.3,3.2,0.08,25.5,0.217,0.143,0.252,0.073,323.7,110.2,0.123,0.087,143.13,2.74,38.5,5.5,30
CA,Contra Costa County- California,25.43897185,68.91281144,1.808775591,3.513457637,11.6,88.4,38.2,13.7,81.15,41128.95651,12.55,5.65,1032298,56.7,8.8,11.5,49.5,8.95,23.35,13.75,0.3,4.2,38.1,3.3,3.4,0.07,22.8,0.264,0.116,0.237,0.076,413.1,211.7,0.137,0.09,397.73,9.01,48.3,4.1,162
GA,Richmond County- Georgia,32.60886968,64.98425659,NA,2.406873733,17.7,82.3,20.3,7.5,68.6,24350.73937,40.25,12.3,199314,44,22.85,35.75,39.95,52.35,3.4,1.6,0.3,2.3,33.3,3.4,3.4,0.12,62.8,0.581,0.234,0.33,0.118,903.5,640.4,0.203,0.104,536.09,11.64,72.7,11.9,69
CO,Ouray County- Colorado,40.67538789,51.41466383,1.82537268,4.533008823,4.8,95.2,41.3,13,88.1,25746.09778,12.05,4.35,4477,100,7.3,7.05,92.95,0.05,5.2,0.5,0.15,1.15,46.2,2.1,NA,NA,15.9,0.106,NA,0.175,0.068,NA,NA,0.207,0.071,107.74,NA,NA,NA,130
NY,Kings County- New York,17.90886982,79.73870922,1.496057189,0.85636377,22.2,77.8,28.8,10.8,77.75,31335.37429,33.2,23.4,2521420,63.8,21.9,31.45,36.15,32.5,19.7,9.75,0.2,1.75,34.1,3.8,3.6,0.09,30.3,0.395,0.139,0.232,0.102,794.5,1311.6,0.157,0.099,588.55,9.1,35.5,6.1,208
LA,Caddo Parish- Louisiana,46.31964213,50.54805792,0.627027436,1.760027237,15.7,84.3,22,7.9,75.65,24353.50095,35.95,13.5,253718,54.2,20.75,31.95,48.5,46.55,2.3,0.95,0.3,1.3,36.4,3.4,2.9,0.15,66,0.548,0.22,0.339,0.128,1434.3,369.5,0.211,0.067,688.68,14.74,77.1,13.2,23
WI,Menominee County- Wisconsin,21.03205629,78.42064113,0.54730258,0,18,82,10.5,3.1,68.8,18244.90921,54.9,10.5,4384,24.4,30.25,37.8,11.35,0.45,6.3,0,80.85,1,34.1,4.3,2.2,0.08,113.7,0.547,0.456,0.403,0.121,1793.9,177.6,0.139,0.153,38.31,NA,108.3,NA,216
VA,Hampton city- Virginia,28.95151978,66.72738213,0.767616972,2.668770024,11.4,88.6,21.8,8.2,72.15,29461.4527,18.8,8.2,141669,39.8,12.75,20,43.05,47.6,4.2,2.15,0.35,2.7,35.4,3,3.5,0.1,37.4,0.446,0.191,0.365,0.12,1131.2,480.4,0.139,0.078,288.08,8.6,48,10.2,277
TN,Shelby County- Tennessee,34.63739337,62.26703349,0.589102064,2.058090586,15.1,84.9,27.8,10.3,76.1,27733.88508,32.55,12.7,922915,44.5,19.5,29.55,40,51.2,5.05,2.25,0.15,1.35,34.2,3.3,2.8,0.11,60.6,0.509,0.173,0.346,0.118,1048.2,848.5,0.182,0.091,1269.81,16.81,72.4,13.2,275
GA,Muscogee County- Georgia,39.375,57.96545667,NA,2.659543326,16.2,83.8,21.6,8.3,71.05,25412.75492,31.75,12.7,189311,58.3,18.45,26.4,45.1,44.85,5.25,2,0.3,2.5,33.5,3.9,3.8,0.11,67.9,0.484,0.225,0.358,0.125,873.2,487.6,0.187,0.091,544.77,11.38,61.9,13.6,211
FL,Hillsborough County- Florida,44.68837384,51.49326468,0.839226178,2.621195418,14.2,85.8,28.8,9.7,76.4,30118.97524,21.55,9.9,1198171,48.1,13.85,19.45,55.5,15.55,23.6,3.2,0.2,1.95,35.8,4.2,4.1,0.09,43.8,0.388,0.183,0.268,0.105,575,558.2,0.233,0.085,468.89,5.53,71.4,8.4,388
GA,Terrell County- Georgia,44.7954056,54.24742761,NA,0.957166786,34.2,65.8,9.9,5.3,75,20019.83334,47.75,23.8,9839,32.3,31.3,42.95,36.5,60.7,1.5,0.35,0.1,0.85,37.6,NA,NA,0.17,91.6,0.574,NA,0.386,0.147,761.9,344.8,0.21,0.098,466.68,NA,49.8,NA,197
OH,Hamilton County- Ohio,43.03088608,52.55367089,0.891392405,3.227848101,12.3,87.7,32.5,12.4,78.85,29786.21524,26.6,9.2,827120,47.8,14.8,21.7,68.9,24.8,2.25,1.9,0.15,2,36.9,3.3,3.7,0.1,43.2,0.425,0.189,0.284,0.106,805.8,331.4,0.139,0.07,534.73,10.29,61.9,10.6,173
CA,Solano County- California,31.77801842,62.25467267,1.67748467,3.818231913,14.2,85.8,24,7.3,76.6,35535.11524,15.45,7.15,409902,43.1,10.15,13.7,42.45,14.15,23,14,0.5,5.9,36.5,4,3.3,0.07,30.4,0.324,0.135,0.271,0.104,314.3,345,0.143,0.101,467.94,8.02,51.7,6.1,393
MS,Sunflower County- Mississippi,29.42802467,69.74271741,0.212630236,0.287050819,30.2,69.8,13,3.5,75.75,19560.66794,48.3,32.85,30027,73.7,34.15,44.1,25.5,72.05,1.6,0.3,0.1,0.45,33.2,4.4,3.6,0.15,90.5,0.64,0.207,0.439,0.138,1198.1,721.1,0.215,0.146,503.2,12.92,81.9,17.1,360
SC,Marlboro County- South Carolina,41.11851637,57.25876558,0.318748189,0.676132522,32.5,67.5,8.6,2.5,72.3,20109.60921,33.95,19.3,28752,50,26.45,37.5,41.2,50.65,2.2,0.3,3.55,2.1,38.1,5.4,4.1,0.14,67,0.628,0.231,0.408,0.139,901.5,419,0.203,0.167,1114.16,16.84,83.1,9.4,32
CO,Pitkin County- Colorado,24.28035044,69.69288534,1.742562819,3.523635313,3.9,96.1,59.7,17.5,79.45,35895.41143,9.35,8.15,16231,100,8.2,10.8,88.2,0.3,8.8,1.2,0.1,1.5,42.7,1.8,2.7,0.09,7.6,0.183,NA,0.142,0.048,134.5,204.4,0.178,0.074,159.45,NA,62.2,NA,48
CA,San Bernardino County- California,42.41302776,52.1920295,1.59339861,3.234393762,22.5,77.5,18.4,6.3,75.75,29159.6873,22.8,9.25,2010922,40.4,14.55,20.1,34.8,8.45,47.9,5.85,0.45,2.5,31.2,4.2,4.1,0.07,45.5,0.343,0.162,0.282,0.085,530,200.9,0.217,0.12,451.22,8.17,45.5,6.6,271
MA,Norfolk County- Massachusetts,33.30836461,61.24668442,1.113530344,4.331420618,6.9,93.1,47.4,20.9,84,43179.34667,7,6.9,664178,65.4,6.1,6.05,81.85,5.05,3,8.15,0.1,1.85,40.2,2.8,2.7,0.07,6.7,0.185,0.118,0.198,0.08,199.4,164.1,0.031,0.056,213.27,1.02,40,3.8,154
IA,Story County- Iowa,39.07380904,51.28808015,0.97117154,6.058065835,4.7,95.3,47.2,19.3,84.5,17362.7308,11.75,6.15,87161,49.1,19.3,9.7,87.9,2.25,2.55,5.8,0.1,1.45,26.4,2.2,2.2,0.06,8.6,0.205,0.107,0.251,0.056,321.2,44.7,0.099,0.039,279.45,NA,35.8,4,35
MA,Middlesex County- Massachusetts,28.17054306,66.32274998,1.338525315,4.168181646,8.4,91.6,49.3,23.7,82.4,40431.08127,8.15,8,1491672,63.4,7.5,7.95,78.25,4.1,6.05,8.75,0.1,2.75,38.3,2.7,2.7,0.08,11.8,0.207,0.114,0.233,0.087,223.7,249.9,0.045,0.053,277.72,1.49,37.1,4,55
IL,Will County- Illinois,44.57784956,50.24913233,1.277275695,3.895742414,10,90,30.7,10.6,80.9,36428.70826,10,5.7,670960,54.2,6.5,8.7,68.7,10.75,14.8,4.1,0.05,1.5,34.9,3.2,3.2,0.08,24.7,0.213,0.177,0.33,0.096,322.2,103.9,0.106,0.09,169.4,3.59,36.9,6.7,152
NC,Buncombe County- North Carolina,41.14209669,55.71234211,NA,3.145561198,12.8,87.2,31.2,11.1,75.85,25470.16032,23.7,9.8,232093,53.3,14.25,19.95,85.2,6.6,5.1,1,0.3,1.8,40.6,3.3,3.8,0.08,38.8,0.34,0.2,0.236,0.095,316.9,220.1,0.201,0.075,259.2,4.48,66.1,6.8,17
NJ,Atlantic County- New Jersey,45.28362557,51.51601127,0.882369631,1.811080217,15.3,84.7,23.6,7.2,82.15,30503.32508,19.45,11.15,272282,52.1,11.2,15.55,59.95,15.25,15.7,6.9,0.15,2.05,39.4,4.2,4,0.09,35.3,0.387,0.201,0.27,0.099,409.3,627.4,0.172,0.135,525.77,6.15,57.8,8.4,327
TX,Dimmit County- Texas,30.20155039,67.37984496,0.651162791,1.76744186,39,61,12.6,2.6,70.15,18445.2,62.95,23.3,9914,28.3,36.8,51.3,13.2,0.65,85.15,0.85,0.05,0.1,35.4,NA,NA,0.08,87.4,0.357,NA,0.306,0.108,573.2,74.6,0.271,0.051,471.24,NA,72.7,NA,333
GA,Chatham County- Georgia,41.17325234,55.65166536,NA,3.175082301,12.6,87.4,29,10.1,74.8,27477.87111,26.6,11.2,256603,45.1,15.95,22.05,51.75,39.95,4.2,2.2,0.2,1.7,34.3,3.6,2.8,0.1,48.8,0.459,0.188,0.268,0.104,850,631.1,0.223,0.086,442.66,12.19,69.8,10.4,186
CT,Hartford County- Connecticut,37.05034079,58.56159151,1.423529441,2.964538261,12.9,87.1,33.3,14.1,81.05,36438.10286,18.35,7.85,884211,62.7,10.4,14.9,67.65,12.1,14.45,3.85,0.1,1.8,39.5,3,3.1,0.09,27.1,0.363,0.15,0.246,0.085,472,434.5,0.1,0.087,328.55,4.46,53.7,6.9,269
NY,Schenectady County- New York,44.24540395,50.09005501,1.697252917,3.967288127,10,90,28.7,13,80,31623.38222,21.9,7.4,152600,48.4,10.95,15.55,78.75,8.3,5.05,3.45,0.35,4.1,39.7,3.8,2.5,0.09,27,0.36,0.179,0.274,0.113,445.6,307.1,0.106,0.079,450.99,4.51,40.1,7.6,324
SD,Buffalo County- South Dakota,34.89795918,60.40816327,NA,3.673469388,23.5,76.5,8.3,3.8,65.2,12274.22159,53.7,38.35,2001,10.3,50.6,57.55,11.75,0.1,1.05,0.6,85.9,0.6,23.4,4.2,4,0.07,101.1,0.519,0.417,0.418,0.178,1207.2,NA,0.216,0.143,NA,NA,NA,NA,127
MS,Tallahatchie County- Mississippi,41.94207836,56.8483816,0.136286201,0.528109029,34.5,65.5,9,2,72.9,18277.52984,49.5,31.3,14289,47.9,32.9,46.75,37.2,56.95,4.65,0.55,0.15,0.55,35.7,5.6,6.4,0.16,83.9,0.65,0.197,0.389,0.13,1292.6,194.9,0.219,0.114,NA,12.15,96.9,14.2,25
MN,St. Louis County- Minnesota,40.11414704,51.92252382,1.687938163,3.92414165,7.9,92.1,25.6,8.1,76.85,24611.98572,20.4,7.25,198523,40.4,14.85,17.2,92.8,1.25,1.1,0.9,2.05,1.85,40.7,3.2,3.3,0.06,21.5,0.34,0.221,0.273,0.083,313.1,51.4,0.101,0.067,240.8,1.65,69.6,4.8,29
MA,Franklin County- Massachusetts,27.18561613,64.15089373,3.698633743,4.964856398,8.9,91.1,32.5,14.3,79,30750.2308,15.8,7.95,71599,47.2,11.7,15.85,92.75,1,2.9,1.25,0.2,1.85,43.3,4,3.3,0.07,19.9,0.318,0.187,0.249,0.083,153.6,102.5,0.051,0.063,371.87,NA,46.7,NA,181
NY,Monroe County- New York,40.25155858,54.3668245,1.548269012,3.833347909,11.6,88.4,34.8,15.1,81.5,29746.92032,20.8,7.65,737982,54.5,13.4,18.6,74.25,14.1,6.6,3,0.2,1.8,38.1,3.6,3.4,0.08,27.5,0.386,0.181,0.302,0.096,671.8,340.9,0.101,0.08,363.42,6.36,44,7,16
CT,Middlesex County- Connecticut,43.94357594,51.24997172,1.69113821,3.115314133,8,92,37,16.1,83.2,42239.17048,8.75,4.45,164840,62.8,5.95,6.6,87.05,4.35,4.35,2.3,0.1,1.8,42.3,2.8,3.2,0.07,10.6,0.238,0.15,0.239,0.08,209,177.7,0.078,0.071,110.77,1.31,49.6,4.6,169
TN,Davidson County- Tennessee,34.2669954,60.30609385,0.995129956,3.890348864,14.9,85.1,34,12.4,73.25,28310.5673,30.45,10.35,624073,40.9,16.45,26.4,59.05,27.15,8.85,3,0.25,1.7,34,3,2.7,0.09,47.9,0.433,0.172,0.303,0.093,639.2,745.7,0.194,0.066,1137.3,12.16,74.8,7.9,240
IL,DuPage County- Illinois,39.80224203,53.88311308,1.494930121,4.819714769,8,92,45.3,17.3,82.8,38948.04667,8.6,4.75,921227,58.7,5.5,6.9,71.65,4.35,12.6,9.85,0.1,1.55,37.4,2.8,3.1,0.07,15,0.194,0.122,0.248,0.076,173.4,80.2,0.107,0.073,100.07,1.49,30.8,6.4,9
GA,Burke County- Georgia,48.03208556,50.58823529,NA,1.379679144,24.9,75.1,9.1,3.5,77.75,23391.01715,40.1,17.6,23061,64.2,24.5,35.8,46.65,49.8,2.25,0.2,0.1,1.05,35.2,4.2,NA,0.13,72.2,0.505,0.088,0.359,0.126,804.1,540.8,0.205,0.116,857.64,11.79,98.8,11.4,293
LA,St. John the Baptist Parish- Louisiana,36.49469624,61.03182257,0.588235294,1.099324976,18.5,81.5,15.8,3.9,76,26364.20921,24.5,13.15,46535,57.3,14.9,22.1,42.45,51.05,4.55,0.45,0.35,1.1,34.8,4,4.1,0.12,48.7,0.428,0.174,0.364,0.125,623.6,282.1,0.184,0.079,228.55,17.6,81.3,10.1,310
DE,New Castle County- Delaware,32.70266342,62.30399131,1.512613398,3.480731868,11.6,88.4,32.4,13.1,79.9,34948.39397,15.15,7.5,533126,53.4,10.1,13.15,63.3,22.65,8.05,4.05,0.2,1.75,36.8,3.1,3.2,0.09,31,0.351,0.164,0.267,0.084,491,472.7,0.104,0.07,643.4,7.49,54.9,9,214
NJ,Cumberland County- New Jersey,45.6693953,51.0109774,0.91666981,1.940850277,24.2,75.8,13.3,3.9,75.05,28662.13905,26.35,9.45,156082,62.1,15.3,23.4,51.9,18.95,25.3,1.2,0.7,1.95,36.5,4.3,4,0.1,67.1,0.44,0.241,0.334,0.117,526.4,641.9,0.183,0.141,532.1,7.6,57.1,9.2,238
AR,Jefferson County- Arkansas,35.74997095,60.88455133,0.604159405,1.13860811,18.4,81.6,16.5,4.8,76.75,24226.27429,39.05,13,78566,46.2,22.4,33.05,42.75,53.25,1.55,0.95,0.3,1.25,36.5,3.6,4.1,0.13,67.6,0.569,0.249,0.4,0.152,1316.8,588.9,0.169,0.094,1015.9,19.84,72.4,9.7,236
SD,Clay County- South Dakota,41.60583942,51.44999014,NA,5.819688301,9.4,90.6,40.4,15.7,91.65,9519.84381,17.25,6.2,13647,69.4,23.6,12.95,90.5,0.95,1.7,2.1,3,1.7,25,2.4,2.3,0.06,9.1,0.156,0.155,0.298,0.062,448.4,NA,0.164,0.04,36.11,NA,37.6,NA,24
OH,Lucas County- Ohio,38.65841698,56.01041297,1.133114918,3.763485737,12.9,87.1,23,8.3,77.95,25955.94191,30.5,8.65,453385,41,17.65,25,72.3,18.15,5.8,1.4,0.2,2.15,36.6,4.2,4.5,0.09,46.3,0.446,0.223,0.318,0.103,646.6,222.9,0.147,0.08,774.71,5.67,59,9,270
NC,Durham County- North Carolina,18.51896136,78.90303767,NA,2.57800097,13.7,86.3,44.1,19.4,77.85,29010.68,23,8.7,261941,48.8,15.45,20.55,43.95,36.9,12.4,4.4,0.25,2.2,33.2,2.8,2.9,0.09,41.3,0.417,0.136,0.294,0.094,710,645.2,0.193,0.076,640.94,11.29,53.6,6.6,158
NJ,Mercer County- New Jersey,30.14462401,66.31265389,1.07477429,2.056859027,13.5,86.5,38.2,17.6,82.35,36512.6073,15.7,6.95,365145,63.3,9.75,13.5,56.45,19.35,13.95,8.35,0.15,1.75,37.4,2.8,2.8,0.09,24.7,0.313,0.133,0.251,0.089,405.1,504.4,0.14,0.078,449.26,6.48,40.4,7.7,109
PA,Allegheny County- Pennsylvania,40.03401884,56.44157948,0.78066088,2.464966657,8.4,91.6,34.1,13.6,81.05,30001.27397,20.1,9.3,1222910,56.7,12.45,17.05,81.4,12.8,1.5,2.55,0.1,1.7,41.1,3.4,3.5,0.08,23.7,0.332,0.192,0.273,0.092,489,218,0.103,0.069,442.47,7.63,65.8,7.6,190
VA,Prince William County- Virginia,37.32378809,57.36327613,0.849821199,2.905684344,11.6,88.4,37.5,14.7,75.75,42966.69207,7.55,5.4,381456,39.5,5.2,7.15,50.6,19.2,19.4,7.2,0.25,3.35,33.3,3.2,2.9,0.07,31.6,0.242,0.174,0.282,0.075,267.8,230.1,0.139,0.049,158.36,2.98,33.4,6.5,116
SC,Orangeburg County- South Carolina,30.67432516,67.63342263,0.319390068,0.790747991,22.8,77.2,16.7,7,76.85,21724.60064,37.6,19.2,91444,45.6,25.6,33.4,34.55,61.7,1.65,0.65,0.55,0.85,37.3,3.9,3.7,0.14,51.8,0.52,0.213,0.403,0.16,1165.3,580,0.219,0.136,609.19,14.85,97.1,12.8,296
VT,Windsor County- Vermont,30.91405576,63.03535499,2.198907732,3.345070423,8.4,91.6,32.8,14.5,76.05,28917.53905,15.65,7.75,56795,58.8,9.75,12.35,95.8,0.45,1.2,0.9,0.2,1.4,44.8,3.1,3.3,0.07,23,0.302,0.157,0.24,0.082,217.1,64.8,0.074,0.045,127.53,NA,78.7,5.2,223
TX,Willacy County- Texas,30.3227076,67.21763085,0.609996065,1.849665486,42.6,57.4,8.6,3.1,72.3,20599.98127,54.05,39.15,21249,42.9,45.15,54.35,10.55,1.8,86.85,0.4,0.15,0.3,31.6,NA,NA,0.08,76.5,0.42,NA,0.285,0.088,316.8,264.7,0.298,0.14,1164.82,NA,40.4,NA,167
HI,Kauai County- Hawaii,28.76020505,62.48718436,3.869375356,3.728877919,11.7,88.3,22.7,6.8,73.45,30807.78508,11.45,9.55,65062,55,9.15,10.35,31.15,0.5,9.7,30.9,0.15,27.65,40.4,3.1,2.9,0.08,43.6,0.276,0.157,0.217,0.086,166.9,NA,0.101,0.074,348.59,2.88,64.5,5.9,229
MS,Marshall County- Mississippi,44.39379507,54.04816982,0.374200572,0.646346442,30.7,69.3,10.2,2.7,71,24219.81969,43.35,16.9,36769,29.6,22.2,34.1,48.85,47.45,2.5,0.2,0.2,0.85,38.1,4.8,3.7,0.12,60.9,0.532,0.306,0.386,0.15,842.7,232.3,0.231,0.117,NA,8.57,88.6,9.6,72
GA,DeKalb County- Georgia,16.06477147,80.82272342,NA,3.112505112,12.1,87.9,38.7,15.1,76.15,31275.05492,25.75,10.75,712476,56.9,15.75,24,30.05,53.6,9.95,4.6,0.2,1.65,33.9,2.5,3,0.1,46.4,0.456,0.108,0.255,0.09,722,1080.4,0.239,0.093,623.17,13.97,51.7,8.5,239
CA,Imperial County- California,27.05324423,68.18279802,1.520921655,2.546046801,37.7,62.3,12.2,4,77.95,22388.48921,29.1,14.05,167281,49.7,21.3,27.75,15.2,3.1,78.25,1.6,1,0.85,31.6,4.6,3.8,0.06,62.2,0.36,0.124,0.235,0.074,429.2,146.1,0.228,0.283,326.13,3.22,46.1,4.3,355
WI,Rock County- Wisconsin,41.95328012,52.41794704,1.179323854,3.809815706,12.6,87.4,19.8,6.5,76.2,28571.40921,20.15,7,159580,41.6,11.65,16.9,85.65,4.65,6.85,1,0.2,1.6,37.5,3.7,3.5,0.07,38.5,0.357,0.233,0.304,0.085,473.5,90.1,0.11,0.084,246.49,3.06,70.1,5.8,321
WI,Ashland County- Wisconsin,43.25006308,52.18268988,1.766338632,2.296240222,10.5,89.5,20.7,6.1,74.9,21371.25207,30.9,12.75,16232,34,18.25,26.2,84.15,0.35,1.9,0.5,10.6,2.55,40,3.3,3.9,0.05,33.2,0.388,0.163,0.305,0.092,136.3,51.5,0.13,0.087,248.92,NA,53.1,NA,151
LA,Tensas Parish- Louisiana,46.40188753,52.26110893,0.314589068,0.511207236,28.6,71.4,12.9,3.8,69.2,20395.8473,45.65,23.7,5525,28.3,28.9,42.65,41,57.25,1.05,0.15,0.05,0.5,39.8,3.8,1.8,0.15,78.7,0.628,0.256,0.353,0.144,730.4,NA,0.247,0.102,NA,NA,99.4,NA,26
OR,Lane County- Oregon,36.56998321,55.50112662,3.353362198,4.575527967,10.1,89.9,27.7,11,75,23683.81524,20.35,8.4,347744,45.1,16.45,16.65,85.45,0.95,6.75,2.5,1,3.35,38.5,4.1,4,0.06,23,0.343,0.175,0.267,0.086,367,90,0.185,0.086,291.28,3.08,71.5,7.1,46
MS,Leflore County- Mississippi,28.82082375,69.79928915,0.261342254,0.763119381,31.2,68.8,16.6,5.8,81.75,17851.44064,55.3,26,33675,77,40.65,57.45,25.3,72.15,1.55,0.4,0.1,0.45,32.4,4.3,3.9,0.14,83.2,0.736,0.23,0.406,0.147,1343.3,502.4,0.228,0.126,611.01,17.9,74.3,13.4,392
CO,Lake County- Colorado,39.81102362,50.39370079,2.42519685,5.417322835,20.6,79.4,20.7,7.5,76,21959.74953,41.35,16.7,7667,53.8,23.05,36,56.75,0.25,40.55,0.5,1,0.9,34.6,5.2,2.6,0.15,68.3,0.404,0.146,0.192,0.049,215.4,NA,0.272,0.1,272.24,NA,95,NA,349
TX,Presidio County- Texas,29.59600545,66.18247844,1.316386745,2.905129369,46.3,53.7,17.8,4.9,69.45,17787.73619,32.7,35.55,7677,33.8,26.8,29.1,15.3,0.15,83.3,0.65,0.15,0.45,38.1,3.4,NA,0.07,91,0.325,NA,0.252,0.099,270.6,NA,0.373,0.124,84.47,NA,NA,NA,191
MA,Essex County- Massachusetts,35.99856436,58.49603871,1.226936779,4.278460148,11.8,88.2,36.1,14.4,81,36296.42381,13.7,9.5,739024,58.9,10.05,13.4,77.45,2.6,15.35,3.05,0.1,1.4,40,3,3.2,0.08,23.3,0.32,0.141,0.235,0.09,329.7,235,0.054,0.071,359.81,2.12,44.8,4.6,256
PA,Delaware County- Pennsylvania,37.41117571,59.39255421,0.881923379,1.983625435,9.5,90.5,34.7,14.5,81.45,34273.76127,12.9,6.9,556998,58.6,9.4,13.85,72.8,18.55,2.65,4.5,0.1,1.5,38.5,3.4,3.8,0.08,22.6,0.328,0.204,0.28,0.093,465.1,297.8,0.102,0.081,541.63,7.49,65.6,7.8,39
NC,Washington County- North Carolina,41.86426819,57.07277187,NA,1.062959935,24,76,11.8,3.8,78.45,23237.24254,65.25,18.1,13103,40.6,25.3,42.6,45.3,49.7,3.55,0.25,0.3,0.9,43.1,4.7,2.7,0.12,60.9,0.561,NA,0.33,0.142,639.8,415.5,0.157,0.122,923.41,NA,40.7,NA,374
AL,Bullock County- Alabama,24.22888747,75.0904063,0.212720698,0.467985535,25.3,74.7,12,3.7,69.55,20651.69397,54.35,24.25,10915,51.6,28.8,50.85,22.05,72.45,4.7,0.25,0.15,0.35,38.7,4.2,NA,0.14,85.1,0.654,0.378,0.421,0.175,1403.9,409.1,0.157,0.134,333.96,NA,102.5,NA,45
NM,Mora County- New Mexico,27.19802794,62.98274445,1.437962202,7.929334429,14.9,85.1,15.4,9.4,81.4,25616.16476,20.3,20.1,4950,24.5,12.45,10.2,15.9,0.1,83.1,0.1,0.6,0.15,44.2,4.7,4.1,0.11,40.6,0.241,0.171,0.234,0.098,523.8,NA,0.235,0.13,73.1,NA,117.9,NA,303
NJ,Bergen County- New Jersey,42.50908286,54.49741513,0.965973461,1.832719128,9.1,90.9,44.5,16.7,84.35,44713.71715,6,7.55,896831,68.2,5.7,6.15,63.65,5.25,15.3,14.15,0.1,1.55,40.8,2.8,2.9,0.08,6.8,0.192,0.14,0.214,0.075,130.2,226.9,0.135,0.081,101.97,1.28,30.6,3.5,404
FL,Gadsden County- Florida,30.44069025,67.91068436,0.353276869,1.032655464,24.3,75.7,12.3,4.2,69.75,25438.97937,41.85,14.7,46557,43.9,26.1,37.1,34.35,55.1,9.1,0.4,0.25,0.75,38.2,3.4,3.3,0.12,68.4,0.592,0.177,0.371,0.144,1070.4,701.1,0.238,0.091,860.82,9.05,76.9,12.8,174
NM,Bernalillo County- New Mexico,34.51199247,52.19040896,1.313215982,10.80609109,13.8,86.2,31.5,14,75.4,27388.68381,24.65,9.6,644693,42.2,15.4,22.05,42.4,2.65,46.75,2.2,4.1,1.95,35.7,3.6,3.5,0.09,50,0.395,0.175,0.193,0.059,576.8,190.6,0.207,0.071,766.41,8.09,91.9,6.1,316
NC,Mecklenburg County- North Carolina,33.41092254,63.28204506,NA,3.307032397,11.7,88.3,40,12.6,78.1,32241.60921,17.95,7.75,890408,57.3,11.95,16.15,52.95,29.35,11.15,4.3,0.3,1.95,33.8,2.8,3.2,0.09,39.7,0.358,0.138,0.255,0.084,796.1,595.7,0.182,0.094,581.33,8.76,44.3,7.5,83
WY,Teton County- Wyoming,32.19448095,60.0607753,1.41261498,5.757227332,4.9,95.1,49.7,16.4,63.9,33335.32318,19.75,1.4,20680,36.1,7.95,15.1,83.75,0.2,13.65,1,0.3,1.15,35.7,2.1,2.3,0.07,31.2,0.181,0.098,0.131,0.039,208.8,87.5,0.21,0.066,263.99,NA,51.9,NA,137
MS,Claiborne County- Mississippi,14.01489506,85.40961408,0.101557211,0.169262018,16.4,83.6,17.5,8.9,82.7,16066.05524,52.4,25.95,10257,86,36.8,53.8,14.2,84.55,0.45,0.25,0.05,0.5,32.8,3.7,4.6,0.17,54,0.749,0.175,0.414,0.152,1356.3,275.4,0.216,0.13,640.19,22.5,96.6,NA,353
WI,Eau Claire County- Wisconsin,43.08616864,50.42714497,1.292529586,4.622781065,8.2,91.8,30.2,10,75.85,22494.85397,20.5,6.5,98079,43.6,14.6,14.35,92.75,0.85,1.55,3.1,0.5,1.25,33.1,3.1,2,0.06,16.6,0.244,0.168,0.288,0.069,406.5,41.9,0.102,0.059,161.78,NA,51.6,5.6,159
WI,Milwaukee County- Wisconsin,28.98843598,66.43814516,1.042370738,3.124123503,15.1,84.9,26.7,9.5,76.95,28400.45397,29.35,10.5,950799,48.6,18.6,27.65,56.25,25.6,12.4,3.2,0.55,2.05,33.7,3.9,3.6,0.09,54.4,0.493,0.207,0.313,0.101,1140.5,341.8,0.138,0.084,751.41,11.32,77.8,10,166
MA,Suffolk County- Massachusetts,16.48737962,79.47231951,1.440446499,2.599854374,16.9,83.1,38.9,17.1,77.7,31885.94413,26,18.85,726326,61.9,19.55,27.3,50.15,19.55,18.85,7.75,0.2,3.55,31.6,3.5,3.5,0.09,23.3,0.525,0.154,0.215,0.081,849.9,877.2,0.065,0.066,960.21,9.31,49.8,6.1,289
PA,Chester County- Pennsylvania,43.34807247,52.57634912,0.836718085,2.932076193,7.5,92.5,47.8,18.3,83.1,41059.3708,7.4,5.95,492593,62.9,6.2,6.25,83.25,6,5.75,3.55,0.1,1.35,38.8,2.6,2.9,0.07,14.5,0.172,0.128,0.222,0.082,186,108.3,0.095,0.061,167.33,1.65,42.3,5.8,329
LA,St. James Parish- Louisiana,45.14687629,53.10715763,0.364087712,0.810922631,17.8,82.2,12.4,3.5,79.25,29786.02032,23.45,13.7,21579,71.6,13.4,21.8,48.3,49.8,1.15,0.05,0.1,0.55,38.6,4.6,3.3,0.12,38.8,0.445,0.203,0.362,0.134,578.4,299.8,0.155,0.094,802.8,9.14,71.5,NA,346
VA,Fredericksburg city- Virginia,33.50696004,60.08082622,1.230354737,3.484508307,13.4,86.6,31.9,13.4,76.05,25602.29016,30.5,8.8,23300,40.6,16.3,22.2,64.15,21.3,9.2,2.45,0.3,2.6,28.7,5.6,3.8,0.09,29,0.452,0.244,0.323,0.09,891.4,350.9,0.179,0.085,444.67,NA,58.3,14.1,408
LA,Iberville Parish- Louisiana,45.62737643,51.88555756,0.573458829,1.028485944,27.3,72.7,11,2.1,73.1,25357.78,34.35,20,33032,61.5,18.3,26.3,48.05,49.35,1.65,0.25,0.1,0.6,37.2,3.8,4.5,0.12,57.9,0.511,0.164,0.384,0.133,553.7,770,0.175,0.095,1051.67,10.73,65.6,8.5,319
NJ,Hudson County- New Jersey,22.64614621,74.45947623,1.209383145,1.292292417,19.7,80.3,34.6,12.2,76.1,34869.24794,22.1,15.95,613940,67.4,14.95,23.4,32.55,11.65,41.4,12.15,0.1,2.05,34.1,4.2,3.4,0.08,35.4,0.442,0.163,0.239,0.077,327.7,972.3,0.224,0.105,473.01,5.74,29.7,5.9,202
NC,Cumberland County- North Carolina,40.66896031,56.68960306,NA,2.641436633,11.7,88.3,21.8,7.4,67.9,26383.50794,24.65,10.15,314373,39.4,16.75,23.2,49.35,35.25,7.8,2.1,1.25,4.35,30.9,4.4,4,0.1,54.1,0.436,0.221,0.338,0.12,1123.8,450.7,0.164,0.103,554.22,9.52,62,11,37
MT,Silver Bow County- Montana,38.55926977,52.70136919,1.782410263,6.389539904,8.8,91.2,22.9,7.4,79.35,22586.06603,31.8,9.55,33470,52.6,16.8,21.1,92.3,0.25,3.55,0.55,1.7,1.65,41.8,4.1,4.1,0.09,42.1,0.339,0.226,0.274,0.088,270.5,66.7,0.193,0.058,345.48,NA,104.8,NA,328
VA,Hopewell city- Virginia,43.32069581,52.65388046,0.646743979,2.363960749,23.9,76.1,10.9,3.7,70.8,26569.73842,42.3,12.8,22762,27,20.85,34.9,54.35,37.25,5.4,0.75,0.15,2.1,36.1,4.9,4.3,0.11,79.5,0.558,0.353,0.341,0.128,872.5,442.9,0.183,0.087,802.61,12.77,60.5,12.7,144
TN,Haywood County- Tennessee,44.10902696,54.27901524,0.278429074,0.879249707,25.2,74.8,12.9,4.3,70.75,21147.46191,40.45,25.55,18971,45.2,26.5,37.95,45,49.6,4.1,0.35,0.05,0.85,38,4.4,3,0.13,68.7,0.391,0.173,0.387,0.145,866.3,573.5,0.166,0.112,1175.56,NA,63.1,17.5,6
NH,Grafton County- New Hampshire,37.93275466,56.88915494,1.153347301,3.924972563,9.1,90.9,35.3,15.7,81.3,27204.76413,13.8,11.25,87372,39.4,9.65,9.85,93.2,0.85,1.65,2.55,0.35,1.35,40.4,3.2,3.4,0.07,14,0.284,0.168,0.255,0.086,196.8,76.9,0.154,0.044,166.72,1.63,55,5.2,252
GA,Sumter County- Georgia,48.07254169,50.30529481,NA,1.622163492,24.6,75.4,18.9,7.8,72.4,22584.64445,38.15,12.85,32591,51.4,26,37.05,43.05,50.2,4.5,1.05,0.3,1,33.7,3,3,0.11,62.8,0.542,0.201,0.372,0.136,1061.2,271.5,0.223,0.128,846.77,6.53,50.5,9.7,180
AL,Marengo County- Alabama,47.7164779,51.21483376,0.118743149,0.949945195,20.3,79.7,17.9,5.6,76.6,21394.02159,33.9,17.55,21118,72.7,24.7,32.5,46,52.15,1.05,0.15,0.1,0.6,40.1,4.8,4.5,0.12,49.1,0.458,0.168,0.416,0.174,724.9,128.4,0.177,0.094,449.4,6.67,68.5,10.5,200
CA,San Diego County- California,38.23522144,56.07101659,1.588690171,3.86813239,14.7,85.3,34.1,12.7,76.05,32687.72921,16.05,7.7,3041428,52.2,11.9,15.75,49.85,4.8,31.2,10.3,0.45,3.4,34.5,3.5,3.7,0.07,33.6,0.291,0.121,0.231,0.075,488.7,457.5,0.19,0.089,383.46,3.68,47.3,4.9,401
OR,Hood River County- Oregon,31.04112492,61.24434171,2.879707214,4.834826158,16.3,83.7,25.9,9.5,75.85,23285.22349,9.25,10.6,21831,55.8,10.35,11.1,67.45,0.35,28,1.5,0.65,2.05,37.3,2.8,NA,0.05,32.6,0.206,0.096,0.221,0.08,213.4,98.4,0.241,0.07,70.14,NA,51.6,NA,95
